{
  "package": "cypress",
  "downloads": {
    "0.2.0": 4,
    "7.1.0": 8208,
    "0.20.2-dev.20170919.120653": 3,
    "6.9.0": 8,
    "8.6.0": 35042,
    "3.8.2": 29538,
    "0.5.0": 3,
    "9.5.0": 191591,
    "13.6.1": 222016,
    "6.9.1": 126695,
    "1.1.4": 8,
    "3.4.1": 12770,
    "3.8.1": 3303,
    "12.9.0": 62745,
    "3.1.5": 3698,
    "4.3.0": 8984,
    "10.11.0": 433593,
    "1.0.2": 5,
    "13.3.0": 89616,
    "10.1.0": 17075,
    "12.6.0": 159344,
    "3.6.0": 3277,
    "13.6.4": 497315,
    "8.4.1": 24191,
    "1.0.1": 8,
    "3.8.3": 142741,
    "9.6.0": 37419,
    "0.5.1": 3,
    "3.1.1": 553,
    "0.20.0": 3,
    "12.12.0": 40452,
    "2.0.0": 5,
    "4.6.0": 1991,
    "6.2.1": 40293,
    "3.8.0": 1342,
    "6.8.0": 23101,
    "8.7.0": 231371,
    "13.5.1": 131076,
    "12.16.0": 34322,
    "0.20.1": 5,
    "13.3.2": 53559,
    "0.7.1": 4,
    "2.0.2": 30,
    "3.0.0": 133,
    "13.4.0": 97461,
    "0.1.0": 4,
    "3.7.0": 4691,
    "3.3.2": 977,
    "3.0.1": 107,
    "1.3.0": 8,
    "12.2.0": 47365,
    "3.2.0": 5382,
    "1.1.1": 3,
    "5.3.0": 26428,
    "12.4.1": 32680,
    "5.1.0": 14247,
    "7.6.0": 21366,
    "3.1.0": 1497,
    "0.9.0": 3,
    "5.4.0": 14193,
    "8.2.0": 19657,
    "9.5.2": 19829,
    "11.2.0": 212568,
    "0.20.0-dev.20170831.154819": 4,
    "6.7.0": 3732,
    "1.1.2": 4,
    "2.0.3": 45,
    "0.20.1-dev.20170914.162644": 3,
    "4.8.0": 5137,
    "13.2.0": 125505,
    "4.4.1": 11695,
    "12.17.0": 15028,
    "12.15.0": 26131,
    "0.0.1": 70,
    "3.1.4": 606,
    "12.0.1": 17911,
    "13.3.1": 37915,
    "0.3.1": 3,
    "4.1.0": 9804,
    "12.7.0": 201467,
    "10.7.0": 50575,
    "9.4.0": 1202,
    "1.2.0": 3,
    "4.0.0": 614,
    "10.5.0": 3359,
    "10.4.0": 55927,
    "9.3.1": 57943,
    "12.8.0": 1428,
    "0.20.0-dev.20170705.151156": 3,
    "0.3.0": 3,
    "8.5.0": 64908,
    "12.14.0": 53425,
    "0.20.0-dev.20170620.121030": 3,
    "11.0.1": 18471,
    "4.5.0": 13930,
    "0.10.0": 3,
    "13.6.3": 249516,
    "9.5.4": 43351,
    "10.3.1": 45485,
    "10.6.0": 85500,
    "13.6.0": 124075,
    "7.2.0": 12246,
    "1.1.3": 3,
    "0.20.3": 23,
    "13.0.0": 29484,
    "9.3.0": 784,
    "7.5.0": 23550,
    "3.3.1": 4809,
    "0.8.1": 3,
    "12.0.2": 20942,
    "4.7.0": 5161,
    "7.7.0": 167724,
    "6.4.0": 54333,
    "13.6.5": 76681,
    "12.17.3": 109339,
    "1.4.2": 651,
    "10.10.0": 52189,
    "0.7.2": 3,
    "9.4.1": 109749,
    "3.1.2": 301,
    "10.9.0": 55482,
    "0.7.0": 3,
    "9.1.0": 39438,
    "6.0.0": 7463,
    "0.20.0-dev.20170910.172358": 4,
    "9.2.1": 29206,
    "13.3.3": 24061,
    "0.10.1": 9,
    "12.4.0": 25409,
    "0.7.3": 3,
    "12.8.1": 32047,
    "10.3.0": 54964,
    "0.20.0-dev.20170630.152549": 4,
    "0.20.0-dev.20170902.155600": 3,
    "1.0.0": 6,
    "4.0.1": 1150,
    "9.7.0": 431788,
    "8.3.1": 34545,
    "9.5.1": 43869,
    "4.0.2": 4699,
    "4.10.0": 6369,
    "0.9.1": 3,
    "13.6.6": 720754,
    "8.3.0": 29197,
    "12.5.0": 78974,
    "9.0.0": 22709,
    "6.1.0": 24347,
    "12.11.0": 41393,
    "2.0.4": 31,
    "0.20.0-dev.20170905.13807": 5,
    "7.4.0": 13771,
    "12.0.0": 9656,
    "0.7.5": 4,
    "1.1.0": 4,
    "3.1.3": 512,
    "4.11.0": 52017,
    "10.2.0": 8677,
    "13.1.0": 63192,
    "13.6.2": 191690,
    "3.0.3": 96,
    "12.17.2": 39043,
    "11.0.0": 10583,
    "4.4.0": 2997,
    "3.6.1": 5348,
    "0.6.0": 4,
    "0.8.0": 3,
    "0.20.0-dev.20170901.10522": 6,
    "3.0.2": 373,
    "4.9.0": 6389,
    "3.4.0": 2778,
    "3.5.0": 858,
    "5.0.0": 7526,
    "12.17.4": 557777,
    "9.6.1": 37116,
    "9.1.1": 38676,
    "9.5.3": 19492,
    "8.1.0": 13174,
    "8.0.0": 13445,
    "0.7.4": 4,
    "0.5.2": 3,
    "9.2.0": 51258,
    "7.0.0": 2505,
    "10.0.3": 12374,
    "10.8.0": 56177,
    "2.1.0": 1299,
    "5.5.0": 15607,
    "0.4.0": 3,
    "1.4.0": 5,
    "0.20.1-dev.20170916.192340": 3,
    "7.3.0": 19265,
    "7.0.1": 4445,
    "10.0.2": 1915,
    "4.12.1": 130312,
    "1.4.1": 87,
    "10.0.1": 5086,
    "6.5.0": 126244,
    "0.8.2": 3,
    "12.17.1": 45788,
    "3.3.0": 324,
    "1.0.3": 4,
    "12.1.0": 53201,
    "13.5.0": 49740,
    "12.3.0": 169982,
    "4.2.0": 3663,
    "8.4.0": 11686,
    "10.0.0": 3145,
    "6.6.0": 12516,
    "12.5.1": 184071,
    "4.12.0": 2260,
    "6.0.1": 15733,
    "5.6.0": 88845,
    "12.13.0": 38490,
    "11.1.0": 34485,
    "6.2.0": 15850,
    "5.2.0": 11578,
    "6.3.0": 35772,
    "12.10.0": 28273,
    "6.7.1": 3379,
    "2.0.1": 5
  },
  "end": "2024-03-04T04:47:02.734Z",
  "start": "2024-02-26T04:47:02.734Z"
}