{
  "package": "@storybook/test-runner",
  "downloads": {
    "0.0.5": 20,
    "0.9.0": 5695,
    "0.7.2": 10093,
    "0.4.0": 2216,
    "0.0.6": 70,
    "0.0.5-canary.67.42786ea.0": 4,
    "0.0.3-canary.55.62d7974.0": 1,
    "0.5.0": 23922,
    "0.10.0-next.3": 319,
    "0.1.0": 213,
    "0.14.0": 3345,
    "0.9.1": 5199,
    "0.8.0-next.1": 1,
    "0.16.1--canary.46c1ff1.0": 3,
    "0.0.2-canary.40.7f5f894.0": 1,
    "0.0.1": 34,
    "0.0.9--canary.107.40ac66c.0": 1,
    "0.13.0": 114909,
    "0.2.0": 1850,
    "0.0.3-next.9": 1,
    "0.0.3-canary.2f574e1.0": 1,
    "0.6.0-next.3": 99,
    "0.0.7": 533,
    "0.0.8-canary.0b166f8.0": 1,
    "0.10.0-next.12": 26,
    "0.1.2--canary.902dd7d.0": 1,
    "0.11.0-future.1": 2,
    "0.10.0-next.5": 518,
    "0.1.1": 8606,
    "0.6.1": 31,
    "0.0.5-canary.bad83f0.0": 1,
    "0.0.2-canary.40.2f43e10.0": 1,
    "0.0.1-canary.17.472e064.0": 1,
    "0.10.0-next.7": 1,
    "0.14.0--canary.361.e0c0bcf.0": 1,
    "0.0.4": 516,
    "0.0.4-canary.65.73bc8bf.0": 1,
    "0.0.2-canary.31.ad50d76.0": 1,
    "0.6.2": 285,
    "0.16.0": 286403,
    "0.6.4-next.0": 1,
    "0.10.0-next.8": 5459,
    "0.16.0-next.0": 6,
    "0.7.0": 567,
    "1.0.0--canary.224.3c57b66.0": 3,
    "0.9.2": 16655,
    "0.15.0": 1,
    "0.8.0--canary.198.ffbab9c.0": 1,
    "0.11.0-next.0": 570,
    "0.10.0": 25457,
    "0.9.4": 42621,
    "0.0.2": 12,
    "0.9.4--canary.258.06d5faf.0": 1,
    "0.0.3-canary.54.04b73e7.0": 1,
    "0.16.1--canary.b0788d6.0": 3,
    "0.0.5-next.0": 1,
    "0.8.1--canary.622d458.0": 1,
    "0.0.2-canary.40.abe7694.0": 3,
    "0.0.3-canary.5c268f6.0": 1,
    "0.16.1--canary.816df4d.0": 3,
    "0.6.3": 86,
    "0.17.0-next.2": 4863,
    "0.16.1--canary.6179ac2.0": 3,
    "0.0.3-canary.47.668e34b.0": 1,
    "0.0.2-canary.4b14058.0": 1,
    "0.9.3": 7441,
    "0.15.2": 6464,
    "0.0.2-canary.40.d808daf.0": 1,
    "0.9.5--canary.257.095c944.0": 1,
    "0.0.5-canary.cb8b66e.0": 3,
    "0.15.3-next.0": 5,
    "0.0.5-canary.86.11580c1.0": 1,
    "0.5.0-next.0": 1,
    "0.10.0-next.11": 7,
    "0.10.0-next.1": 1,
    "0.0.4-next.0": 5,
    "0.7.1": 565,
    "0.0.2-next.7": 2,
    "0.7.0--canary.174.f617868.0": 1,
    "0.10.0-next.4": 862,
    "0.6.0-next.1": 203,
    "0.13.1-next.2": 9,
    "0.0.3": 2,
    "0.0.1-canary.11.5a1a392.0": 1,
    "0.11.0": 15959,
    "0.15.3-next.4": 28,
    "0.11.1-next.2": 52,
    "0.0.3-next.10": 1,
    "0.16.1-next.0": 250,
    "0.0.3-canary.804a6de.0": 2,
    "0.16.1--canary.206f201.0": 3,
    "0.0.3-canary.47.62c427a.0": 2,
    "0.3.0": 1078,
    "0.9.4--canary.fe81f1b.0": 1,
    "0.0.3-canary.205a44a.0": 1,
    "0.14.1": 4553,
    "0.9.4--canary.259.2b62dd1.0": 1,
    "0.15.1": 1655,
    "0.0.3-canary.47.e38bd00.0": 1,
    "0.9.4--canary.245.e9cdfa7.0": 1,
    "0.8.0": 987,
    "0.14.0-next.2": 41,
    "0.10.0--canary.210.8666bd0.0": 36,
    "0.9.4--canary.240.4cbe11b.0": 1,
    "0.0.2-canary.35.7792d8f.0": 1,
    "0.1.2--canary.125.4c38a87.0": 1,
    "0.6.4": 2521,
    "0.6.0": 44,
    "0.0.4-canary.65.f1b0025.0": 2,
    "0.15.3-next.1": 13,
    "0.9.5--canary.64feaa9.0": 1,
    "0.0.2-canary.e62f9ee.0": 1,
    "0.1.2-next.1": 1,
    "0.7.0--canary.174.cac0727.0": 1,
    "0.10.0-next.13": 91,
    "0.6.0--canary.157.4f0151c.0": 1,
    "0.0.3-canary.47.c8d8e3d.0": 1,
    "0.0.2-canary.29.aa0a460.0": 1,
    "0.0.5-canary.01b8104.0": 1,
    "0.17.0-next.1": 49,
    "0.0.2-canary.37.86a700a.0": 1,
    "0.12.0": 6340,
    "0.0.8": 839,
    "0.10.0-next.10": 32
  },
  "end": "2024-03-04T04:46:01.097Z",
  "start": "2024-02-26T04:46:01.097Z"
}