{
  "package": "@storybook/jest",
  "downloads": {
    "0.0.10--canary.2d13a1a.0": 1,
    "0.0.11-next.0": 14858,
    "0.2.0": 62,
    "0.0.9": 10420,
    "0.2.3--canary.47.6408355733.0": 1,
    "0.1.1-future.1": 1,
    "0.2.2--canary.42.5978372254.0": 1,
    "0.1.1--canary.27.86f2569.0": 1,
    "0.2.2--canary.42.6016476959.0": 1,
    "0.2.2--canary.42.6016394706.0": 1,
    "0.1.1--canary.27.bd82d80.0": 1,
    "0.0.10": 209512,
    "0.1.1--canary.30f5cbb.0": 1,
    "0.1.1--canary.26373ac.0": 1,
    "0.1.1--canary.31.c36ddd5.0": 1,
    "0.2.2--canary.42.ce81fe8.0": 1,
    "0.0.0": 2,
    "0.2.1-next.0": 1,
    "0.2.3--canary.47.6407557579.0": 1,
    "0.0.3": 1,
    "0.0.8": 2,
    "0.2.1--canary.38.00b13df.0": 1,
    "0.2.2-next.0": 5,
    "0.2.2--canary.41.11fbb5f.0": 1,
    "0.1.1--canary.ffdc9e4.0": 1,
    "0.1.1--canary.27.24d50b8.0": 1,
    "0.2.2--canary.e1a05b0.0": 1,
    "0.1.1--canary.30.a35fabb.0": 1,
    "0.2.2": 42765,
    "0.0.6--canary.11.9684054.0": 3,
    "0.2.1": 6408,
    "0.2.2--canary.43.6016551883.0": 1,
    "0.2.2--canary.41.6009636227.0": 1,
    "0.2.0-next.0": 1,
    "0.1.1--canary.26.322eae0.0": 1,
    "0.1.1-future.2": 2,
    "0.0.4": 30,
    "0.0.5": 3306,
    "0.0.11--canary.22.2783ae7.0": 40,
    "0.1.1-future.0": 1,
    "0.0.0-alpha.2": 1,
    "0.1.0": 86960,
    "0.2.2--canary.41.5952998833.0": 1,
    "0.1.1-next.1": 143,
    "0.2.3--canary.48.6408454116.0": 1,
    "0.0.7": 26,
    "0.2.3--canary.47.6408412468.0": 1,
    "0.1.1--canary.27.e23754e.0": 1,
    "0.2.1--canary.37.fa81950.0": 1,
    "0.1.1--canary.26.8fdf181.0": 1,
    "0.1.1--canary.27.9c0c10f.0": 1,
    "0.0.6": 1442,
    "0.2.3-next.0": 436,
    "0.2.2--canary.42.5953151068.0": 1,
    "0.2.0-future.0": 1,
    "0.2.2--canary.42.6010269672.0": 1,
    "0.0.9--canary.14.5adf5f7.0": 2,
    "0.0.11-next.1": 8,
    "0.0.2": 1,
    "0.0.0-alpha.4": 1,
    "0.0.0-alpha.3": 1,
    "0.0.0-alpha.1": 1,
    "0.2.2--canary.42.5952967417.0": 1,
    "0.2.4-next.0": 676,
    "0.0.8--canary.13.8acadcc.0": 1,
    "0.0.11-next.2": 439,
    "0.0.11--canary.23.9a91830.0": 1,
    "0.2.3": 391470,
    "0.1.1-next.2": 2984,
    "0.1.1--canary.27.32edae4.0": 1,
    "0.0.10--canary.16.6472401.0": 1,
    "0.1.1--canary.28.adc5ffe.0": 1,
    "0.1.1--canary.26.df816e6.0": 1,
    "0.0.0-alpha.5": 1,
    "0.0.1": 11,
    "0.1.1-next.0": 463,
    "0.2.0--canary.34.b637a39.0": 1,
    "0.2.2--canary.41.c7b8d2c.0": 1,
    "0.0.7--canary.12.08e5571.0": 20,
    "0.2.3--canary.47.6408168214.0": 1
  },
  "end": "2024-03-04T04:45:26.562Z",
  "start": "2024-02-26T04:45:26.562Z"
}