{
  "package": "istextorbinary",
  "downloads": {
    "9.3.0": 97,
    "3.0.0-next.1574052962.e6c63c6493b333bf1a5d738eef3dbb5b197fa503": 8,
    "5.13.0": 12,
    "5.4.0": 10,
    "4.2.0-next.1590050436.4a7fa3d972b00d3a32b448766f9cc6ba93af6267": 8,
    "5.15.0-next.1627747584.40036cea671e4dee4fd2c4a154d3f69017ec7422": 11,
    "9.5.0": 3060,
    "5.1.0-next.1591780611.ad9ec34941bc0f4c9282478facbc53dace687b8c": 8,
    "8.0.0": 9,
    "2.5.0": 7,
    "3.2.0": 4,
    "5.2.0": 11,
    "5.11.0-next.1601216215.c2c7bc9439808d903eebac94069fb60bf86de0f0": 14,
    "8.2.0": 708,
    "9.1.0-next.1700818006.dd58adad4ecd23d0e6b847b44f23b9623fd296e5": 6,
    "4.2.0": 7,
    "3.3.0": 291932,
    "5.2.0-next.1592596703.e5313de67041196450043fc9f31d95c02d7c488d": 9,
    "5.15.0": 19787,
    "5.8.0": 1057,
    "5.11.0-next.1601796477.c050a331f4aa04aad092d633322e002a28c9c495": 14,
    "9.2.0-next.1700850377.22774e3a89ab2b07ba7b25cd9f7a364a1c2598e9": 6,
    "1.0.2": 191537,
    "5.5.0-next.1592695986.30ef87cbd8a52edf10bca09c1fcc251889e26c85": 16,
    "5.7.0-next.1593056460.ef3792f2241870f22c844adc4bfb218457a21e90": 8,
    "5.3.0-next.1592615908.95c929608785694c678160ddbd0c34ee0c7cb4f7": 16,
    "5.10.0": 1176,
    "5.10.0-next.1598189627.5f7cab23ea056555b08c4d13dbbae2071306e4bc": 14,
    "5.3.0": 10,
    "5.11.0-next.1599270179.1e223b431a8542d4d225698408aa4e02e1c2413f": 14,
    "5.10.0-next.1597697649.3d594bd8411f5d29ebd2351c538adc51b7ff8c7f": 14,
    "7.0.0-next.1698844519.95275ad39e391fd437cefb09e1155be26d00b9c7": 8,
    "5.0.0": 8,
    "8.1.0": 46,
    "5.6.0-next.1592742561.147523d88ad22662e1ad26c7ae05057a3a77a8a7": 16,
    "9.1.0": 6,
    "5.11.0": 407,
    "5.13.0-next.1627426015.9d3621e7c4726ea04fde8ea1c99ed72d32a6f9ee": 11,
    "5.8.0-next.1595356204.57cabd22fd00bb165488b3396b879ee0e7750081": 14,
    "2.6.0": 1127974,
    "9.4.0-next.1703669070.20901db1e9e887ed53909f89a088812274081dc8": 6,
    "3.0.0-next.1574658315.4d70901f72a62ab177dcbf8cbaad1678b08b8864": 8,
    "5.14.0-next.1627509089.83429fcae358a94ba5b93cd76973a1fd8958f574": 11,
    "4.0.0": 6,
    "5.11.0-next.1602407935.d67db5071fa6cb15c7a0723fc848143c40e25e1d": 14,
    "3.3.0-next.1575883904.afe241f4b43a392804350a3a709ff1b4e60926d1": 8,
    "5.11.0-next.1601213678.69b877fc5d51b77263f43cf06100ea8a98672264": 15,
    "6.0.0": 51041,
    "4.3.0": 35,
    "5.14.0": 8,
    "3.1.0": 4,
    "5.10.0-next.1599076056.7f52624f07a8ca77cb4208f53080e27ab0b3e1dd": 14,
    "2.0.0": 5,
    "5.11.0-next.1599995694.ca8da3058f9166b97d910b69ad25791d992a462c": 14,
    "2.2.1": 204775,
    "2.4.1": 2,
    "6.0.0-next.1627748439.0ee4d89a92f81b1d8280e8d0dd12cf2fb9976ed0": 13,
    "2.1.0": 570283,
    "5.10.0-next.1597697549.8c89906d6dcba00d3bc619df2eb552c930667c66": 14,
    "5.11.0-next.1599396990.d1a50bb72e4b71198601c692bf86ce613a3bcfbe": 14,
    "5.12.0": 21144,
    "2.4.0": 5,
    "2.5.1": 20485,
    "3.1.0-next.1575150658.13035eb79d2b6012cad861b57e6bbb33fbcea8f5": 8,
    "5.15.0-next.1627595674.345b3aa16bba43ba618239c19c8def5cf66eda10": 11,
    "4.3.0-next.1590076872.b4d3e9eaa7993b0b1214e13a364c21970cb98656": 8,
    "5.10.0-next.1598186883.43606f96476b67815955e4860694f79dbc55a3dd": 14,
    "5.11.0-next.1603014861.18546659943e6c5744ce67403b1c78c1993ccf84": 14,
    "5.6.0": 9,
    "5.12.0-next.1604234373.ce1fa7f173fb2150ccc4aa39df2b39aef89bf6d8": 14,
    "5.0.0-next.1590821539.444b08db17a7f4c6dd041d6f3d05c4e7d7fbbf5f": 10,
    "9.2.0": 112,
    "5.10.0-next.1598780328.e683862283f2cd855c2487bff66fe39fc8517e08": 14,
    "2.4.2": 2,
    "3.2.0-next.1575215783.5dc25aef8338ccd9d0fe40592663e8617391cd1b": 8,
    "5.5.0": 8,
    "9.5.0-next.1703837737.8f26be8823bd006fd44de5d7352f961b163b996f": 6,
    "9.0.0-next.1700718068.13fd4a2e68bf3915f97c2929ffe5e8854645a075": 8,
    "5.11.0-next.1601800377.1832c6f1abc1b28567e1e7fadfef88080b04c8fb": 14,
    "4.1.0-next.1590001610.fe989f2250369a4732fa7b68b4aa3420b2b7ef0a": 8,
    "4.1.0": 5,
    "8.2.0-next.1700547389.7ceccaa53df3f19b275f833f0be3a67b57c07883": 6,
    "5.9.0-next.1596517836.f24b1703f95200157a672879186f4a24fae14661": 16,
    "5.2.0-next.1591797644.3a86c4a6cf60210e1e017c9fdca634a8580eaf72": 16,
    "5.11.0-next.1600606280.1335eb5eed9bc03cae094f92fd1b2564efa7a041": 14,
    "4.0.0-next.1589157467.8e39eff75e4ff6cd13c82918449de7fc593a1c32": 10,
    "5.9.0": 2607,
    "9.5.0-next.1703836967.4ba8c409aea78a2b5d5fc254717d5760a3515d9d": 6,
    "1.0.1": 6,
    "5.12.0-next.1603938571.a35468051c7cae2e3f2946812fc7b97423d52044": 14,
    "5.2.0-next.1592598153.aefa33264718e87d85dd170a442a5603e51b768b": 8,
    "2.3.0": 1540,
    "9.3.0-next.1701797124.f5fda296a05712050988d057afd827962e629f1d": 6,
    "1.0.0": 18,
    "5.7.0": 15,
    "9.0.0": 6,
    "8.0.0-next.1699947076.0b805ad7d6730de199960eae7c4c12696df3b888": 6,
    "7.0.0": 87,
    "2.6.0-next.1573617145.5cfe16592e36be8a7aeb014e2b0fb5544af540f1": 8,
    "3.0.0": 30,
    "2.6.0-next.1573691633.52a194a07434de7c75cb5441a8c5a29b28ea8dbd": 8,
    "5.0.0-next.1590821959.f43983a18e2a9985d98295a4cec84a686e70165a": 8,
    "5.4.0-next.1592691510.e91deece239444404ff5b8d1a9bcd6fa0bd97613": 16,
    "5.11.0-next.1603622381.ca336f627d9427f86d40af9a940dc9fe7e884c5b": 15,
    "9.5.0-next.1703836734.4cb5feb4322f1e478d8df63716a5dfb77c4a0507": 6,
    "9.4.0": 31
  },
  "end": "2024-03-04T04:45:43.322Z",
  "start": "2024-02-26T04:45:43.322Z"
}