{
  "package": "autoprefixer",
  "downloads": {
    "6.0.0": 250,
    "8.6.1": 2839,
    "10.4.9": 24904,
    "4.0.0": 115,
    "10.2.6": 152245,
    "3.0.0": 7,
    "0.6.20130728": 6,
    "0.8.20130902": 6,
    "10.0.2": 129684,
    "2.2.0": 2687,
    "0.6.20130731": 22,
    "9.6.5": 77845,
    "0.5.20130626": 6,
    "9.1.2": 918,
    "6.3.6": 5163,
    "10.4.10": 13419,
    "7.0.0": 54,
    "8.3.0": 19597,
    "6.3.2": 255,
    "0.7.20130808": 6,
    "9.8.5": 213248,
    "10.3.5": 12547,
    "10.4.14": 2406651,
    "10.0.0": 5623,
    "10.4.6": 4539,
    "1.0.20140130": 7,
    "8.6.3": 3056,
    "9.1.5": 54992,
    "1.1.20140403": 11,
    "9.4.8": 7671,
    "10.4.13": 4140603,
    "9.8.0": 387863,
    "1.1.20140510": 7,
    "9.7.3": 224109,
    "0.3.20130427": 13,
    "1.1.20140319": 12,
    "9.6.0": 94448,
    "1.1.20140429": 5,
    "8.5.2": 1990,
    "9.1.4": 34,
    "9.7.6": 370031,
    "10.4.15": 558594,
    "10.4.11": 87497,
    "8.6.5": 299923,
    "0.8.20130911": 9,
    "2.1.0": 9,
    "1.1.20140521": 6,
    "10.4.7": 794504,
    "6.4.0": 6303,
    "1.1.20140218": 6,
    "9.7.1": 143062,
    "9.5.0": 42039,
    "8.2.0": 13157,
    "0.8.20131213": 5978,
    "9.7.2": 42129,
    "10.4.18": 299369,
    "2.0.0": 7,
    "1.3.0": 6,
    "10.2.2": 11,
    "0.2.20130413": 13,
    "7.2.3": 6581,
    "8.6.2": 3104,
    "10.3.6": 25824,
    "9.8.2": 18322,
    "2.0.1": 6,
    "10.3.0": 3211,
    "9.7.5": 109286,
    "10.0.1": 36900,
    "7.0.1": 1513,
    "5.1.0": 53,
    "10.2.4": 496841,
    "1.0.20140110": 6,
    "10.3.2": 12942,
    "10.2.1": 101734,
    "8.1.0": 4654,
    "0.4.20130530": 6,
    "0.8.20131020": 5,
    "7.1.4": 11642,
    "6.1.0": 1511,
    "10.3.3": 16798,
    "8.6.4": 6036,
    "8.4.1": 17586,
    "9.4.10": 21978,
    "6.5.4": 4436,
    "7.2.6": 971313,
    "10.4.3": 1963,
    "7.2.0": 29,
    "9.8.8": 8304934,
    "10.4.2": 1654573,
    "1.0.20140203": 6,
    "0.5.20130615": 7,
    "6.5.0": 1558,
    "6.7.2": 15400,
    "0.6.20130721": 5,
    "6.2.3": 2965,
    "9.4.0": 1319,
    "0.3.20130423": 13,
    "10.1.0": 30908,
    "0.6.20130730": 6,
    "10.2.0": 4395,
    "1.1.20140605": 1532,
    "6.3.7": 8430,
    "0.7.20130807": 6,
    "1.0.20131222": 7,
    "10.4.17": 4594843,
    "0.4.20130515": 15,
    "9.6.3": 26,
    "1.1.20140523": 8,
    "0.7.20130810": 5,
    "0.4.20130507": 14,
    "9.1.0": 3298,
    "9.6.4": 19430,
    "0.8.20130906": 6,
    "8.0.0": 6500,
    "9.2.0": 2192,
    "10.0.4": 12188,
    "10.0.3": 781,
    "6.3.1": 1666,
    "9.4.1": 546,
    "0.8.20131015": 7,
    "8.5.1": 775,
    "10.3.1": 107401,
    "6.2.2": 161,
    "0.8.20130919": 9,
    "0.7.20130824": 795,
    "10.2.3": 60004,
    "6.3.0": 182,
    "6.5.3": 6044,
    "2.1.1": 15,
    "6.7.7": 1661371,
    "9.0.1": 1636,
    "6.2.0": 10,
    "9.4.3": 27339,
    "1.0.20140117": 6,
    "2.0.2": 11,
    "9.8.3": 4666,
    "0.6.20130729": 7,
    "10.2.5": 153134,
    "9.3.1": 67702,
    "6.7.1": 147,
    "0.8.20131104": 7,
    "6.6.0": 1041,
    "7.1.5": 4935,
    "9.4.9": 32189,
    "9.1.1": 2564,
    "6.0.1": 20,
    "1.1.20140327": 9,
    "6.3.4": 49,
    "9.5.1": 180236,
    "7.2.2": 6001,
    "1.3.1": 14334,
    "0.4.20130528": 7,
    "0.7.20130806": 6,
    "10.4.16": 2836501,
    "9.0.0": 9122,
    "7.1.0": 10700,
    "7.1.1": 52863,
    "0.5.20130616": 6,
    "9.4.6": 117284,
    "10.3.7": 74908,
    "5.2.0": 1512,
    "0.8.20131017": 6,
    "9.0.2": 3294,
    "7.1.6": 170959,
    "6.3.5": 213,
    "9.4.5": 5209,
    "6.7.0": 5584,
    "0.6.20130716": 5,
    "1.1.20140410": 9,
    "6.1.1": 576,
    "0.5.20130629": 8,
    "10.4.4": 325818,
    "9.8.1": 1955,
    "6.7.5": 1195,
    "10.4.1": 94502,
    "5.1.1": 142,
    "0.8.20131009": 5,
    "9.8.4": 157124,
    "9.7.0": 45911,
    "9.7.4": 740330,
    "1.2.0": 337,
    "6.5.1": 5916,
    "3.1.0": 34,
    "6.0.2": 73,
    "9.1.3": 3984,
    "1.0.20140109": 7,
    "0.8.20130903": 5,
    "0.8.20131029": 5,
    "1.1.20140222": 5,
    "1.1.20140512": 7,
    "10.4.0": 384061,
    "6.3.3": 698,
    "0.1.20130409": 12,
    "6.7.6": 2748,
    "9.4.4": 10126,
    "10.4.8": 497143,
    "9.6.2": 960,
    "7.2.5": 53853,
    "6.6.1": 6178,
    "8.4.0": 284,
    "0.3.20130424": 13,
    "10.4.12": 574204,
    "1.1.20140226": 9,
    "9.6.1": 531814,
    "6.2.1": 47,
    "5.0.0": 8,
    "0.8.20131209": 7,
    "6.0.3": 1384,
    "7.1.3": 4049,
    "6.5.2": 282,
    "0.4.20130524": 5,
    "0.4.20130603": 64,
    "7.1.2": 34814,
    "0.5.20130625": 6,
    "0.4.20130521": 14,
    "0.8.20131006": 6,
    "0.7.20130805": 7,
    "8.5.0": 7706,
    "8.6.0": 1321,
    "9.8.6": 6636787,
    "10.3.4": 51755,
    "6.7.3": 413,
    "6.4.1": 2970,
    "0.3.20130502": 12,
    "1.0.20140213": 759,
    "0.5.20130617": 7,
    "6.7.4": 463,
    "9.8.7": 117590,
    "1.1.20140430": 7,
    "1.1.20140302": 9,
    "9.2.1": 5740,
    "10.4.5": 207206,
    "0.8.20130923": 6,
    "9.3.0": 1947,
    "9.4.2": 10526,
    "7.2.4": 2661,
    "0.8.20131001": 6,
    "7.2.1": 1264,
    "9.4.7": 31850,
    "0.8.20131007": 5,
    "1.0.20140103": 7,
    "6.1.2": 369
  },
  "end": "2024-03-03T17:59:05.717Z",
  "start": "2024-02-25T17:59:05.717Z"
}