{
  "package": "autoprefixer",
  "downloads": {
    "1.1.20140521": 5,
    "2.1.0": 9,
    "0.8.20130911": 8,
    "9.6.3": 22,
    "10.4.17": 4500476,
    "0.4.20130515": 7,
    "0.7.20130810": 5,
    "1.1.20140523": 8,
    "1.1.20140319": 9,
    "6.0.0": 197,
    "8.6.1": 2077,
    "7.2.4": 1971,
    "0.8.20131001": 6,
    "9.1.1": 1861,
    "9.4.9": 22502,
    "6.0.1": 16,
    "1.1.20140327": 8,
    "8.4.1": 15021,
    "6.1.0": 1328,
    "8.6.4": 4865,
    "10.3.3": 13435,
    "9.4.10": 16364,
    "6.3.4": 43,
    "9.4.2": 8362,
    "6.1.2": 308,
    "1.0.20140103": 7,
    "7.2.1": 972,
    "9.4.7": 22991,
    "0.8.20131007": 5,
    "9.8.2": 12657,
    "10.3.6": 20571,
    "2.0.0": 6,
    "1.3.0": 6,
    "10.2.2": 11,
    "8.6.2": 2403,
    "7.2.3": 4983,
    "0.2.20130413": 6,
    "8.6.5": 237028,
    "10.4.11": 78662,
    "10.4.15": 557667,
    "9.7.2": 30639,
    "10.4.18": 475944,
    "6.1.1": 466,
    "0.5.20130629": 8,
    "1.1.20140605": 1291,
    "6.3.7": 6427,
    "0.7.20130807": 6,
    "1.0.20131222": 7,
    "9.7.4": 525527,
    "9.8.4": 110916,
    "9.7.0": 33525,
    "1.2.0": 291,
    "9.7.3": 158375,
    "0.3.20130427": 6,
    "6.5.4": 3162,
    "1.0.20140203": 5,
    "0.5.20130615": 7,
    "10.4.2": 1236067,
    "7.2.6": 769388,
    "9.8.8": 7428479,
    "10.4.3": 1933,
    "7.2.0": 28,
    "9.4.6": 84999,
    "7.1.1": 46352,
    "7.1.0": 8005,
    "0.5.20130616": 6,
    "9.4.3": 21242,
    "6.2.0": 9,
    "8.5.2": 1531,
    "9.7.6": 259203,
    "9.1.4": 25,
    "6.2.3": 2688,
    "9.4.0": 845,
    "0.3.20130423": 6,
    "9.0.1": 1261,
    "6.7.7": 1295056,
    "2.1.1": 10,
    "8.0.0": 4781,
    "9.2.0": 1785,
    "10.0.4": 8519,
    "9.6.4": 14255,
    "0.8.20130906": 5,
    "9.1.0": 2748,
    "0.4.20130507": 6,
    "7.1.5": 3728,
    "3.1.0": 29,
    "6.5.1": 4683,
    "10.4.13": 3877662,
    "1.1.20140403": 9,
    "9.4.8": 5951,
    "9.1.5": 44130,
    "1.1.20140510": 6,
    "6.2.2": 141,
    "10.3.1": 87487,
    "0.8.20131015": 6,
    "8.5.1": 582,
    "0.8.20130919": 9,
    "7.1.6": 131044,
    "9.4.5": 3943,
    "6.3.5": 184,
    "9.0.2": 2715,
    "3.0.0": 7,
    "9.8.0": 269232,
    "6.7.0": 5012,
    "0.6.20130716": 5,
    "8.4.0": 242,
    "10.2.3": 42806,
    "0.7.20130824": 592,
    "6.3.0": 117,
    "1.3.1": 12807,
    "1.1.20140410": 9,
    "10.4.8": 474639,
    "9.4.4": 7727,
    "7.1.2": 27553,
    "0.5.20130625": 6,
    "10.2.0": 2649,
    "6.6.1": 5231,
    "0.7.20130805": 7,
    "6.3.3": 529,
    "0.1.20130409": 5,
    "0.4.20130521": 6,
    "0.8.20131006": 6,
    "9.6.2": 833,
    "7.2.5": 35988,
    "6.7.6": 2123,
    "10.0.0": 4845,
    "10.3.5": 9031,
    "1.0.20140130": 7,
    "10.4.6": 4392,
    "10.4.14": 2405809,
    "8.1.0": 3816,
    "0.4.20130530": 6,
    "2.0.1": 6,
    "10.2.1": 68480,
    "0.8.20131020": 5,
    "6.6.0": 865,
    "6.7.1": 112,
    "0.8.20131104": 7,
    "9.2.1": 4706,
    "8.6.3": 2346,
    "7.1.4": 8094,
    "10.3.2": 9523,
    "9.1.2": 582,
    "10.4.10": 12787,
    "6.3.6": 3991,
    "9.0.0": 8064,
    "10.4.16": 2833667,
    "1.0.20140213": 580,
    "0.5.20130617": 7,
    "6.7.4": 378,
    "10.0.2": 106821,
    "10.1.0": 20878,
    "0.6.20130730": 6,
    "4.0.0": 76,
    "10.2.6": 127189,
    "10.4.9": 24062,
    "9.6.0": 70417,
    "1.1.20140429": 5,
    "0.8.20131017": 6,
    "10.3.7": 57564,
    "5.2.0": 1204,
    "0.6.20130721": 5,
    "6.5.0": 1112,
    "6.7.2": 10677,
    "2.2.0": 2525,
    "0.6.20130731": 19,
    "1.1.20140302": 9,
    "7.2.2": 4448,
    "9.5.1": 135575,
    "0.8.20130902": 5,
    "0.6.20130728": 6,
    "9.1.3": 3155,
    "1.0.20140109": 6,
    "9.8.1": 1339,
    "10.4.4": 313694,
    "9.3.0": 1517,
    "0.8.20130923": 5,
    "10.4.5": 200356,
    "1.1.20140222": 5,
    "10.4.0": 297894,
    "1.1.20140512": 6,
    "9.6.5": 58896,
    "0.5.20130626": 6,
    "6.5.3": 4388,
    "9.8.5": 156010,
    "9.8.3": 3222,
    "1.0.20140117": 6,
    "2.0.2": 8,
    "9.7.1": 105677,
    "6.4.0": 4662,
    "1.1.20140218": 5,
    "10.4.7": 763462,
    "6.3.2": 201,
    "7.0.0": 42,
    "8.3.0": 14718,
    "0.7.20130808": 6,
    "8.2.0": 9660,
    "9.5.0": 30432,
    "6.5.2": 207,
    "0.4.20130603": 48,
    "0.4.20130524": 5,
    "6.0.3": 1046,
    "7.1.3": 3467,
    "10.4.12": 555586,
    "1.1.20140226": 8,
    "0.3.20130424": 5,
    "9.8.7": 81842,
    "1.1.20140430": 7,
    "0.8.20131213": 5069,
    "9.8.6": 4828755,
    "10.3.4": 40613,
    "8.6.0": 957,
    "6.7.3": 302,
    "6.4.1": 2450,
    "0.3.20130502": 5,
    "1.0.20140110": 5,
    "10.2.4": 350893,
    "8.5.0": 5818,
    "9.7.5": 78708,
    "10.3.0": 2607,
    "0.8.20131209": 7,
    "9.6.1": 388236,
    "6.2.1": 38,
    "5.0.0": 7,
    "0.8.20130903": 5,
    "0.8.20131029": 5,
    "6.0.2": 61,
    "10.0.1": 26506,
    "7.0.1": 990,
    "5.1.0": 23,
    "0.4.20130528": 7,
    "0.7.20130806": 6,
    "6.7.5": 995,
    "10.4.1": 72434,
    "10.2.5": 122768,
    "9.3.1": 49473,
    "0.6.20130729": 6,
    "0.8.20131009": 5,
    "5.1.1": 131,
    "6.3.1": 1425,
    "10.0.3": 536,
    "9.4.1": 415
  },
  "end": "2024-03-04T04:42:12.345Z",
  "start": "2024-02-26T04:42:12.345Z"
}