{
  "package": "domain-browser",
  "downloads": {
    "4.3.0-next.1590035244.fe571a8b20fc5099496a25a6924ecdb201123d67": 29,
    "3.0.0": 42,
    "1.1.6": 27,
    "4.10.0-next.1592738253.a76ebb9016346993ef019d898b32ac2d8c71d0c0": 30,
    "4.8.0": 26,
    "4.14.0": 27,
    "5.1.0": 1,
    "1.1.0": 32,
    "5.0.0": 1,
    "5.7.0": 10188,
    "4.9.0-next.1592690379.95472db14cd803e028437108de3ff4b1970f1364": 29,
    "4.4.0": 463,
    "4.11.0-next.1593742408.a6c0b2440f684f8994e7268378c2d2c763a0a95c": 29,
    "4.22.0-next.1627591352.4e01e86b5fc27661dd585946578d0625dd4af38d": 35,
    "4.13.0-next.1593752586.a847902f29b90e4a13488eb50e83da9cf2d33466": 30,
    "4.1.0": 57,
    "4.21.0": 505,
    "4.17.0-next.1597693394.2525a0f556e0de18027f04d45ceb0a2de2fa29f6": 29,
    "4.23.0": 803568,
    "1.1.5": 27,
    "4.19.0-next.1604239876.eeda285a1a0470ee48d60df8d904f8b47b0997de": 29,
    "5.5.0": 9,
    "4.5.0-next.1591776004.d6a2168a5c04655880d9d748d6f6f5c9cc59c3dc": 38,
    "4.3.0": 25,
    "5.2.0-next.1699988186.7a46b2c5089ca5e46ee3e098238ea44d964301d4": 1,
    "4.0.0": 124,
    "5.3.0": 6,
    "5.4.0": 3,
    "1.1.3": 41,
    "4.20.0": 76,
    "3.3.0": 24,
    "1.1.7": 767680,
    "3.1.0-next.1575142572.b65292dfe20ee7bdf4423c290f3b61b51f035b96": 30,
    "4.16.0-next.1596513212.5795a9745381a2d5efb76b7d172ae2418ea873cb": 30,
    "3.0.0-next.1575140754.e110fd711d32b283d002c7046714e39e453b4571": 29,
    "4.18.0-next.1599210529.065f6b95a8f50e8a384176f775a1853a2cd341cf": 29,
    "3.2.0": 25,
    "4.17.0": 106,
    "2.0.0-next.1574051249.7e249e2d60bff73c856da83c88e69af93e22db11": 30,
    "4.4.0-next.1590072000.8a9154e71e23d06a6f9b5a80f5d2ac8618617016": 38,
    "3.3.0-next.1575145716.3c18f188a9cc5457635a5903ba57c738044b09a7": 29,
    "4.2.0-next.1589250196.999957953d58ee5986062a9adc78dfe9e3f74ab3": 29,
    "4.1.0-next.1588595760.aec2e7cec5e1ae1975aaba687f31d9a7d77cbacd": 29,
    "4.20.0-next.1627421258.a51dfed94d91423f58ec9f59e71cf1f71be9d4d8": 30,
    "2.0.0-next.1574630902.fc1a8168b8277434656bee6dbf6c762442480e7b": 31,
    "1.0.0": 27,
    "4.12.0-next.1593747383.b78cfda33834a5d32e213a0aa920adb2aa2022be": 29,
    "1.1.2": 41,
    "4.0.0-next.1585175705.35e285d185e15fda7ec117d33915f63e24706cb1": 31,
    "3.5.0-next.1575878889.af878d245489557989a75bbc0e8ed1bc8ae22d6b": 30,
    "4.19.0": 626293,
    "1.1.4": 1205,
    "4.13.0": 317,
    "4.7.0-next.1592601838.44ba6c12bce8c142336a541a237788d3d4453d31": 37,
    "4.9.0": 26,
    "4.6.0": 45,
    "3.5.0": 28615,
    "4.11.0-next.1593051799.70f3ee4b5aa58c75f8f63922dd1d624e7dfff4c6": 30,
    "1.1.1": 134,
    "4.8.0-next.1592606574.c8ac9846ee3b7cf5f1cf6de09e1894a2fd7a361e": 38,
    "4.22.0": 959685,
    "4.10.0": 54,
    "4.6.0-next.1591793210.cbd63bebd15bb6b3710a69ed8b62d16486a32d4a": 38,
    "3.1.0": 25,
    "5.2.0": 2,
    "4.11.0": 32,
    "2.0.0-next.1574050827.e77f42e5bb08a270b573797c84f18582e4a07ba8": 31,
    "4.12.0": 25,
    "4.18.0": 1534,
    "4.16.0": 100,
    "3.2.0-next.1575142767.845435bb55b6697013e785a4d576315890c42751": 29,
    "1.2.0": 17287001,
    "4.18.0-next.1599393027.c802e4848f1c665b073cb67e5efc27d4063dc1f5": 30,
    "4.15.0": 190,
    "4.7.0": 25,
    "4.2.0": 48,
    "3.4.0-next.1575169424.91ac1d9c986aaaa103065ab190fb94a7001a0147": 29,
    "4.14.0-next.1595343672.4034b5722d7f4e73f4e57b104ca26a13f0634394": 33,
    "4.5.0": 25,
    "3.4.0": 24,
    "4.19.0-next.1603927694.1ee8a8832eea2ef541bd184b64ed70aa4697874c": 30,
    "1.0.1": 27
  },
  "end": "2024-03-04T04:46:38.331Z",
  "start": "2024-02-26T04:46:38.331Z"
}