{
  "package": "binaryextensions",
  "downloads": {
    "4.8.0-next.1593742976.78dbfa6d6a7fd0b68a47209448e6088f0816be98": 12,
    "4.6.0-next.1592735162.ba6e5aeb0984c5e63b4fdeaea2bb057c5a8b2147": 9,
    "2.2.0-next.1575883050.ada36c68f57108987d6348d3ffcca64614b0efe7": 8,
    "2.2.0-next.1574083438.84de595b1f25ce6b214b9ea1df87ae5d2d943ccc": 8,
    "4.19.0-next.1698770821.7935eebd5d6712a90ef8b258ab6b45d616b3d83d": 4,
    "6.3.0-next.1699983013.5260784ed22967a675b221e68271ecc1dc6bd2bf": 4,
    "4.6.0": 3,
    "2.2.0-next.1573616975.d311c31010e5001567db00e0906cd0871522857a": 8,
    "2.2.0-next.1574080879.673fcf12db3f6ad5ef7ff6b7decc500521145fb8": 8,
    "6.11.0": 3766,
    "2.2.0-next.1574156130.bf67e26ebe418de69fd612c91af6a4ba85d3a6fc": 8,
    "4.15.0-next.1603925187.5d5d3cd6e6fdf52d2f524fbf1fa427f5eba78511": 12,
    "6.5.0": 5,
    "4.16.0-next.1627419869.b4da2c826baa2db17e95967eb3ee158f3d8ddd06": 9,
    "4.10.0-next.1595342063.c1fe4542aa05228b3121f4d5e7fb61081701bc19": 12,
    "4.13.0": 1130,
    "4.3.0-next.1592599664.770d19cb421d9dcf17dac75b9e184395eac05281": 8,
    "6.2.0-next.1699967583.1d31be3393c8d2ba8c6b138adacbb1a09f0ab4b5": 4,
    "4.13.0-next.1597692221.5b973ab2d87784e78043e1de4039173817724fe9": 12,
    "6.6.0-next.1700817098.10ac65870e4f27a9bfdc61b85b13ad1638a394cc": 4,
    "6.3.0": 45,
    "2.2.0-next.1573685768.4f333f49d83c50bb95a42b25461c5d9394e86f1d": 8,
    "2.2.0-next.1575281884.1d1cee25da9607ab65871aef93d3ebec57073ced": 8,
    "4.1.0": 2,
    "2.2.0-next.1575969473.46f37c603e053508e79444c94b98913d89fdbf37": 8,
    "4.4.0-next.1592604372.055d171eaa915ea552e32b64c37cf92e8ae37607": 8,
    "2.2.0-next.1573623259.cac8da931f3653b3275b075ddca1a0797366147b": 8,
    "4.14.0-next.1599993995.75ac5672ea597f5298e63184d74d8c21c9afdc3c": 12,
    "4.0.0-next.1590819428.b7b35cb75587a39974d94595f731b527d5b1a682": 8,
    "6.6.0": 4,
    "4.14.0-next.1600605353.a2de804e313adaa6caa3f35a175caa0c7f450c25": 12,
    "6.11.0-next.1703835442.3bde1442f3a867ca05ebd8e758a7cee719f89fef": 4,
    "4.14.0-next.1603629497.98921e8083479827a867cf6dcab9a6bd7852255a": 12,
    "2.3.0": 1392262,
    "4.16.0": 658,
    "4.15.0": 25315,
    "4.0.0-next.1590821068.1a85760d3e9843142f51bd5e53c7b2530ba877ea": 8,
    "2.2.0-next.1589275231.51f9c8304b9be56e71f029fa34bc515307784c01": 8,
    "6.5.0-next.1700713670.18a65f7b752c2f74af2ab8ad5ac488f3dac65ffd": 4,
    "6.1.0": 5,
    "6.8.0-next.1701239273.6c64bbe7f57b0fd8f4a476927992d545ad739dac": 4,
    "6.9.0": 143,
    "4.14.0-next.1603018961.1bda1a13e60c00ad69fcae03353c0dcf6ecda58c": 12,
    "4.1.0-next.1591773547.1074e77839f697dad7132bc9f7458756475bf752": 8,
    "6.1.0-next.1699883219.9391e9d7770a18256723d8a37e90e4a475e1c158": 4,
    "4.14.0": 265,
    "2.2.0-next.1575969418.e62022a1648e4b455063168daaff93b8e1ef6e6d": 8,
    "2.2.0-next.1575282145.9076df8245397805f847eec7ea5ef807c568a9b8": 8,
    "4.17.0": 9,
    "4.17.0-next.1627495352.d14d484a72711795fee62c5a8233845211379ccc": 9,
    "4.12.0": 6,
    "2.2.0-next.1574081952.1f37ec397ff5d8009c40ec45a1d8976f044504c8": 8,
    "2.2.0-next.1588324988.15b9d6832597825319d2cf2367bfab224fdefcff": 8,
    "2.2.0-next.1573693399.65f2ab8954f249734c537f04e84317bf7dafd5fa": 8,
    "2.0.0": 35698,
    "4.15.0-next.1604234175.1e08747a6967a9536e96084e36a8d96826485e53": 12,
    "2.2.0-next.1589275049.882d340fc14109f7eb80ad2537e2c92b68a97cf9": 8,
    "4.14.0-next.1599998518.5d6a52b49f9dbba705543ac0c3f6287bd8a84614": 12,
    "2.2.0-next.1587546943.00d4c0afd66b51717a0e24331f90fa2c0d835087": 8,
    "4.7.0": 10,
    "4.4.0": 3,
    "5.0.0-next.1699793146.8ac4f6054883f9644af618caeff5ac83c576f999": 6,
    "6.4.0": 5,
    "4.3.0": 2,
    "6.0.0": 7,
    "4.0.0-next.1590818179.c4d27d811952cb64c61e4dea7ec50429c4bbe1f2": 10,
    "4.0.0": 2,
    "2.2.0-next.1575882973.2cd06ab691fe50cad6e262320f7c95a503c48635": 8,
    "2.1.0": 29,
    "4.2.0-next.1591791010.5c073d07ac1cdf8d5a74903657316bc8fa7ca295": 8,
    "4.7.0-next.1593046938.95e8984cf40349f92062349e2595e9acf3364dca": 8,
    "4.14.0-next.1603014441.0e8b4d0f7336a663bc9835945dd2202b64de1745": 12,
    "4.14.0-next.1602406554.d4265247563a7c0514a9435d561ea7b64a80818b": 12,
    "4.2.0": 6,
    "3.0.0-next.1590069451.80a0f07d26e5d39a97d5e1df93b724a226fb0e79": 10,
    "2.2.0-next.1589193356.db6a0ef441d3991768024a92d7bd717144ba17a2": 8,
    "4.14.0-next.1599396545.8954b51ac661ef82175ab54920aee7544b8729e5": 12,
    "4.14.0-next.1601216117.4e68047421cda270bd1a3baad394cf0b516713fb": 12,
    "4.14.0-next.1603631745.d7a17aa4aa3eee3b820992d68fdc435b2ae52bf1": 12,
    "4.12.0-next.1596511815.f32c6edc82bf3193d9eb3b3436b6fc4071f987e5": 12,
    "6.10.0": 5,
    "6.7.0": 7,
    "3.0.0": 33,
    "2.2.0": 52424,
    "6.4.0-next.1700546670.bc06a152201aee85927b5d11d3f6b286ae03469f": 4,
    "2.2.0-next.1575281968.93299e4ca086aec3f341070fcd3c8aec93ef6fb8": 8,
    "4.14.0-next.1601796887.3aa3938c1181edaad20f9ffa6dc1a88365cc278d": 12,
    "2.2.0-next.1585214089.67a996b4030072db0169bdce3d8a8f5d4ee10c1d": 8,
    "1.0.1": 191039,
    "4.18.0": 626875,
    "5.0.0": 5,
    "2.3.0-next.1590050149.ef9b2c72390c77a8cf4de2b74be7ab82b4af2d59": 8,
    "4.14.0-next.1599206422.0cdcffc1ba21c8982a2dd45630cb558a5fb25cd3": 12,
    "4.5.0-next.1592687399.7b58f324a61f7d0bba0dcfc3593c98b3079419f1": 8,
    "4.14.0-next.1601213315.5e98e44eb1bac480ca97d8ada5accf546299a0b6": 12,
    "2.2.0-next.1573739041.353adc5cf8dd13ffefd3fb9b199e09f62e9e2e33": 9,
    "6.0.0-next.1699819724.627b003177c468bcc31255f7a4c7100dba75a60b": 4,
    "6.2.0": 4,
    "6.8.0": 101,
    "4.10.0": 1048,
    "2.2.0-next.1588670155.f7001b356d478a0414c6ce6e4874096e03980661": 16,
    "2.2.0-next.1576660694.eee38125c43099436e00491b5dbf8cbe547c00d0": 8,
    "4.9.0": 7,
    "4.11.0-next.1595350336.3ae712965eeaba6320f85b95569ed6f71bf65923": 12,
    "2.1.2": 67635,
    "2.1.1": 58999,
    "2.2.0-next.1575969382.c235a37c457db56a9097fae6a2a5c2982fcec323": 8,
    "4.14.0-next.1602412612.18d1aef3d080ccc9d58842e5111521921bb5f214": 12,
    "1.0.0": 295,
    "6.7.0-next.1700832679.7b13b9b0338d03de4bb45a37c41d69f2c285431c": 4,
    "4.9.0-next.1593750877.8c170a386993e0233260325ddbdee812d15f29a1": 12,
    "4.19.0": 248209,
    "4.8.0": 6,
    "4.18.0-next.1627590253.c6e3df31908d2377b7f9c13bc9f23eef414c5e1a": 9,
    "4.0.0-next.1590818622.f6ade7685c56d312f4b5cea45aa2d97fb1ec83af": 8,
    "4.5.0": 2,
    "2.2.0-next.1589193191.9bda1d6bef108c3c2664f86b6bcdd27fd38907fc": 8,
    "4.14.0-next.1603918678.87f6dc187b35fbb4b0a5cc7c7472793bf87588c2": 12,
    "6.9.0-next.1701796196.49217636277721e87c74af4ca69f6fea3114b749": 4
  },
  "end": "2024-03-04T04:45:38.231Z",
  "start": "2024-02-26T04:45:38.231Z"
}