{
  "package": "ionicons",
  "downloads": {
    "5.2.2": 199,
    "4.5.0": 57460,
    "5.1.0": 19689,
    "7.1.2-dev.11685060310.1437f93d": 10,
    "5.0.0-7": 3,
    "7.2.2": 152434,
    "5.3.1-1": 1294,
    "4.5.10-2": 458,
    "7.2.2-dev.11698847812.196aa17e": 10,
    "6.0.1-0": 30,
    "3.0.0-alpha.0": 1,
    "7.0.0": 1223,
    "5.0.0-5": 1,
    "2.0.1": 40071,
    "7.1.1-dev.11684440744.15dddc23": 10,
    "4.5.9-0": 843,
    "4.2.2": 23635,
    "4.0.0-7": 13,
    "6.1.2-dev.11675863592.172f0936": 10,
    "4.0.0-2": 2,
    "4.0.0-14": 4,
    "5.0.0-13": 250,
    "5.3.1-0": 11,
    "5.2.0": 219,
    "7.2.2-dev.11699018299.154342d5": 10,
    "5.5.4": 77965,
    "6.0.1": 128240,
    "5.1.1": 11211,
    "3.0.0-alpha.1": 2,
    "4.1.1": 8735,
    "7.1.3-dev.11692630068.1f5f09ee": 10,
    "7.2.2-dev.11699021910.19a0f06d": 11,
    "4.4.2": 30838,
    "7.1.3-dev.11694201549.18d36e66": 11,
    "4.5.5": 115861,
    "4.6.3": 40932,
    "4.0.0-8": 1,
    "5.5.3": 22563,
    "4.5.10-0": 199304,
    "5.5.2-0": 34,
    "4.2.0": 12453,
    "7.1.2-dev.11685062324.14756aae": 12,
    "4.2.6": 5693,
    "7.1.2-dev.11685057891.13d969d9": 11,
    "7.1.2-dev.11685057169.16864e5e": 12,
    "6.0.4-0": 9,
    "7.1.3-dev.11692303755.1355a5ec": 12,
    "7.2.2-dev.11702425420.1d582e62": 12,
    "4.5.6": 742,
    "5.2.3": 438838,
    "4.0.0-10": 3,
    "5.1.0-0": 112,
    "5.0.0": 534620,
    "7.1.1-dev.11682363824.1febd6e6": 11,
    "6.0.4": 49244,
    "6.1.0-0": 142,
    "5.4.0": 461224,
    "7.1.3-dev.11694468279.1c23df00": 11,
    "5.3.0": 2115,
    "4.4.7": 15725,
    "3.0.0-alpha.3": 28,
    "4.6.0": 437,
    "7.2.0": 490,
    "5.0.0-17": 72,
    "4.4.4": 13946,
    "5.0.0-2": 1,
    "6.1.1": 40722,
    "6.0.5-dev.11668789115.11e9471b": 11,
    "4.5.2-0": 6,
    "4.3.0": 27226,
    "5.5.0": 29429,
    "7.2.2-dev.11699022363.15a70775": 11,
    "4.0.0-18": 3,
    "4.6.2-0": 3,
    "5.5.0-0": 12,
    "6.1.3-dev.11675958242.15132c48": 11,
    "7.2.1-dev.11696955471.13a81796": 11,
    "5.0.0-11": 11,
    "5.0.0-16": 9,
    "5.5.1": 23222,
    "4.6.4-1": 12126,
    "7.1.0": 353605,
    "6.1.0": 441,
    "7.1.1-dev.11684760936.1ad1f9bd": 9,
    "7.2.2-dev.11700519177.13b28f3a": 18,
    "4.0.0-9": 54,
    "5.1.2": 228664,
    "4.5.9-1": 15746,
    "5.0.0-8": 12,
    "4.2.1": 6522,
    "4.5.4": 76,
    "4.0.0-1": 9,
    "4.4.6": 13520,
    "5.2.1": 6325,
    "5.0.0-6": 1,
    "4.6.4-0": 11,
    "4.5.7": 3,
    "4.6.1": 687,
    "4.5.7-0": 1,
    "6.1.3": 146465,
    "5.0.0-0": 14,
    "6.1.2": 1125,
    "7.2.1": 20606,
    "7.1.2": 31176,
    "5.0.0-1": 2,
    "4.0.0-11": 482,
    "5.0.0-9": 13,
    "5.5.2": 820242,
    "4.6.2": 1071,
    "4.0.0-19": 11,
    "5.0.0-4": 13,
    "4.0.0-16": 1,
    "5.5.4-0": 10,
    "4.4.5": 7,
    "4.2.4": 88984,
    "6.0.3": 38427,
    "6.0.5-dev.11674180419.10e45c0f": 10,
    "4.0.0": 13628,
    "4.2.3": 33,
    "5.5.0-1": 12,
    "4.4.0": 9698,
    "7.1.3-dev.11694459486.1371c58f": 11,
    "6.0.0": 9653,
    "4.0.0-5": 2,
    "7.1.3-dev.11694458521.1371c58f": 11,
    "4.5.1": 17837,
    "4.4.3": 1580,
    "5.0.0-12": 74,
    "4.5.2": 11,
    "7.1.3-dev.11694203763.11b7e8aa": 11,
    "4.1.2": 40258,
    "5.0.0-14": 11,
    "7.1.3-dev.11695669134.18369c36": 10,
    "7.1.1": 1105,
    "5.0.1": 55719,
    "6.0.0-0": 25,
    "4.5.10-1": 6083,
    "4.5.0-0": 3,
    "4.0.0-17": 2,
    "4.1.0-0": 544,
    "4.4.8": 47209,
    "6.1.1-dev.11675347292.1bdc16a2": 10,
    "4.0.0-6": 81,
    "4.1.0": 1464,
    "7.1.2-dev.11685061287.104eb6c7": 11,
    "7.1.3-dev.11696883183.18297018": 9,
    "7.0.1-dev.11679510424.1ffdf3ba": 10,
    "4.5.8": 28864,
    "5.0.0-15": 85,
    "7.1.3-dev.11689001487.15dc2e02": 16,
    "4.5.0-3": 1,
    "7.1.3-dev.11699459714.11b7e8aa": 10,
    "6.0.2": 23889,
    "7.1.3-dev.11694532816.102dc510": 11,
    "4.2.5": 10635,
    "6.0.1-1": 11,
    "3.0.0": 34797,
    "4.5.3": 6,
    "7.1.3-dev.11699990705.17f7f346": 11,
    "4.4.1": 4820,
    "5.5.4-10": 276,
    "5.0.0-10": 10,
    "5.0.0-3": 8
  },
  "end": "2024-03-04T04:45:26.218Z",
  "start": "2024-02-26T04:45:26.218Z"
}