{
  "package": "@react-spring/core",
  "downloads": {
    "9.0.0-beta.27": 1,
    "9.0.0-beta.29": 1,
    "9.0.0-canary.808.13.719834d": 1,
    "0.0.1-alpha.5": 1,
    "9.0.0-beta.22": 2,
    "9.0.0-canary.809.2.49361198": 2,
    "9.3.0": 27404,
    "0.0.0-1f54fd5554e133fd353fcf3bd85edeac3562a1a0-20230225150642": 13,
    "0.0.0-nightly-bc3ce76-20230407001611": 2,
    "9.0.0-canary.808.10.132aadf": 1,
    "9.5.5": 155374,
    "9.0.0-beta.12": 1,
    "0.0.0-nightly-bc3ce76-20230402001810": 2,
    "0.0.0-nightly-bc3ce76-20230405001601": 2,
    "0.0.0-40ac9039be0c657954e31ea7588bee4abbf1df1f-20230227081728": 107,
    "9.0.0-rc.3": 77775,
    "9.4.1": 13974,
    "0.0.0-b13152991101c4b7adc41eba4f10e8d155511bbe-20230227075103": 83,
    "0.0.0-nightly-bc3ce76-20230404001701": 1,
    "9.0.0-canary.808.5.5cdf687": 2,
    "0.0.1-alpha.4": 1,
    "9.5.2": 40769,
    "9.2.6": 52300,
    "9.0.0-beta.25": 1,
    "9.2.0-beta.2": 2,
    "9.5.0": 8326,
    "9.0.0-canary.808.11.4be2ac3": 3,
    "9.5.5-beta.0": 1,
    "9.0.0-beta.15": 2,
    "0.0.0-nightly-bc3ce76-20230406001620": 2,
    "9.2.0-beta.1": 2,
    "9.0.0-canary.809.3.a66b280": 34,
    "9.7.0-beta.0": 37,
    "9.0.0-canary.808.3.225e0b1": 6,
    "9.4.0": 4585,
    "9.7.0": 13310,
    "9.0.0-canary.808.9.7e75a67": 100,
    "9.2.5": 509,
    "9.2.4": 64332,
    "0.0.1-alpha.3": 1,
    "9.0.0-beta.23": 1,
    "0.0.0-nightly-789adf2-20230331070515": 2,
    "9.5.3": 1073,
    "9.4.0-beta.3": 1,
    "9.1.1": 1736,
    "9.0.0-canary.809.4.a637589": 1,
    "0.0.0-nightly-bc3ce76-20230403001702": 1,
    "0.0.0-nightly-bc3ce76-20230401001858": 2,
    "9.4.0-beta.1": 2,
    "9.0.0-beta.18": 1,
    "9.0.0-beta.26": 1,
    "0.0.1-alpha.2": 1,
    "9.4.0-alpha.0": 69,
    "9.0.0-beta.19": 1,
    "9.3.1": 24487,
    "9.0.0-beta.28": 1,
    "9.2.0-beta.7": 2,
    "9.0.0-canary.809.1.aa2db98.0": 2,
    "0.0.0-65fc02cc281573bc28d90720983c8e9df9035059-20230625170003": 2,
    "0.0.0-d80cafe1f0ccd7ce193b8f558285515ede3b8afc-20230625160448": 4,
    "9.1.2": 45439,
    "9.4.5-beta.1": 60,
    "9.4.5-beta.0": 1,
    "9.1.0": 526,
    "9.0.0-beta.33": 2285,
    "0.0.0-fb0ddfbbce1fd1b524534d96188b7bdb923c7bc7-20230227080834": 158,
    "9.0.0-canary.808.7.d857dc8": 1,
    "9.4.0-beta.4": 1,
    "9.0.0-canary.808.4.e67bf81": 3,
    "9.2.1": 1007,
    "9.0.0-beta.17": 1,
    "9.0.0-canary.808.2.958e7ba": 2,
    "0.0.0-aefd1e584376be38b1f6ca1ca74e061c4ce9b9d8-20230225174818": 32,
    "9.0.0-beta.31": 133,
    "9.0.1": 55,
    "9.4.4": 31416,
    "9.7.2": 58478,
    "0.0.0-d0cc422bcf5dc2109d1d80e6ea065b4d8861d323-20230225174329": 17,
    "0.0.1-alpha.6": 1,
    "0.0.1-alpha.1": 1,
    "9.0.0-beta.14": 1,
    "9.0.0-canary.808.8.4a87fcb": 64,
    "0.0.1-alpha.0": 1,
    "9.4.2": 24478,
    "9.6.1": 288360,
    "10.0.0-alpha.1": 49,
    "9.7.3": 785944,
    "9.2.0-beta.4": 1,
    "0.0.0-00758660b56704e0949d99f4251c275d738376fe-20230225114436": 14,
    "9.2.6-beta.0": 48,
    "9.4.3-beta.0": 1,
    "9.0.0-beta.32": 1,
    "9.0.0-beta.24": 48,
    "9.0.0-beta.21": 2,
    "9.4.0-beta.0": 19,
    "9.0.0": 869,
    "9.2.0-beta.0": 1,
    "9.0.0-canary.808.1.ae166ee": 2,
    "9.0.0-canary.808.17.55c5691": 126,
    "9.0.0-beta.20": 51,
    "9.5.4": 23988,
    "9.0.0-canary.808.14.192785c": 13,
    "0.0.0-nightly-52cc710-20230626001840": 56,
    "9.6.0": 9437,
    "9.0.0-canary.808.12.11b2708": 8,
    "9.2.2": 293,
    "9.4.3": 36143,
    "9.4.0-beta.2": 1,
    "10.0.0-alpha.0": 2,
    "9.0.0-rc.2": 474,
    "9.2.0-beta.3": 1,
    "9.0.0-canary.809.5.f01ecc2": 462,
    "9.2.0-beta.6": 2,
    "9.0.0-rc.1": 2,
    "9.2.0-beta.5": 1,
    "0.0.0-nightly-f50b673-20230330070501": 14,
    "9.0.0-beta.9": 1,
    "9.0.0-canary.808.16.68edca3": 1,
    "9.5.1": 362,
    "9.0.0-beta.10": 1,
    "9.0.0-canary.808.6.a1d7e01": 1,
    "9.3.2": 134580,
    "9.0.0-beta.30": 2,
    "9.4.0-beta.6": 1,
    "9.0.0-canary.808.15.d4e5904": 1,
    "9.2.0": 510,
    "9.2.3": 11204,
    "9.2.5-beta.0": 2,
    "9.4.5": 378474,
    "9.7.1": 46311,
    "9.4.5-beta.2": 2,
    "9.4.3-beta.1": 2
  },
  "end": "2024-03-04T04:45:28.027Z",
  "start": "2024-02-26T04:45:28.027Z"
}