{
  "package": "@jimp/types",
  "downloads": {
    "0.3.7": 3,
    "0.16.7": 31,
    "0.16.11": 4,
    "0.17.9--canary.1140.4042b43.0": 4,
    "0.8.2-canary.792.349.0": 1,
    "0.17.10": 133,
    "0.7.1-canary.770.193.0": 1,
    "0.6.5": 2,
    "0.16.2-canary.956.1095.0": 6,
    "0.16.3-canary.1040.1589.0": 1,
    "0.18.0": 6,
    "0.10.4-canary.882.884.0": 1,
    "0.17.3": 5,
    "0.9.5": 8170,
    "0.9.7": 47,
    "0.14.1-canary.919.1005.0": 1,
    "0.10.1-canary.870.821.0": 1,
    "0.8.2-canary.792.283.0": 1,
    "0.10.1": 6635,
    "0.10.5-canary.882.886.0": 1,
    "0.8.1-canary.789.301.0": 1,
    "0.9.4": 2,
    "0.17.6--canary.cd893f3.0": 1,
    "0.21.4--canary.1163.7b9287fff1036ae67190d5ea3a8dec9926373a63.0": 3,
    "0.6.8-canary.783.163.0": 2,
    "0.16.2-canary.1045.1221.0": 2,
    "0.9.6-canary.860.700.0": 1,
    "0.16.2-canary.969.1115.0": 1,
    "0.8.1-canary.786.232.0": 1,
    "0.8.5": 20058,
    "0.16.2-canary.1086.1311.0": 2,
    "0.16.2-canary.1016.1185.0": 2,
    "0.8.2": 23,
    "0.16.3-canary.1045.1590.0": 3,
    "0.3.9-alpha.0": 2,
    "0.17.6--canary.1137.5e459dc.0": 3,
    "0.3.8": 2,
    "0.17.1--canary.1134.e007a48.0": 3,
    "0.16.2-canary.1082.1294.0": 1,
    "0.7.0": 35,
    "0.12.1-canary.892.924.0": 1,
    "0.22.11--canary.c55989b.0": 11,
    "0.5.2": 2,
    "0.8.5-canary.753c2c9.0": 1,
    "0.8.0": 44,
    "0.15.1-canary.924.1021.0": 2,
    "0.16.2-canary.1094.1345.0": 1,
    "0.12.2-canary.899.952.0": 1,
    "0.17.9--canary.fc042e5.0": 2,
    "0.21.0--canary.1149.a81f653.0": 2,
    "0.8.2-canary.792.360.0": 1,
    "0.21.0--canary.1149.3239903.0": 2,
    "0.8.1-canary.791.276.0": 9,
    "0.8.4-canary.798.377.0": 1,
    "0.21.4--canary.1163.6a6ae39e83bd731ccd25120a160a75b32273f9bd.0": 1,
    "0.16.2-canary.964.1101.0": 6,
    "0.17.9--canary.1143.90575e6.0": 2,
    "0.10.2-canary.875.842.0": 1,
    "0.8.5-canary.799.447.0": 1,
    "0.17.9--canary.1141.cd4d455.0": 3,
    "0.16.3-canary.1113.1404.0": 1,
    "0.9.2-canary.815.538.0": 2,
    "0.8.5-canary.1.b147e81.0": 1,
    "0.16.2-canary.984.1126.0": 6,
    "0.16.3-canary.1125.1580.0": 2,
    "0.6.7-canary.783.157.0": 1,
    "0.6.0": 3513,
    "0.3.9": 5001,
    "0.22.6--canary.1198.9324a88b87a1fc38b528af47ca707d97593dddaa.0": 7,
    "0.16.3-canary.999.1588.0": 3,
    "0.17.6": 3,
    "0.6.5-canary.4564f3c.0": 1,
    "0.22.3--canary.1184.ff6583af74ba85d9555c36db2844886e269feb16.0": 3,
    "0.13.0-canary.899.964.0": 1,
    "0.8.2-canary.792.339.0": 1,
    "0.17.2": 5,
    "0.8.2-canary.792.332.0": 1,
    "0.22.12": 124239,
    "0.16.2-canary.1084.1305.0": 2,
    "0.22.4": 16329,
    "0.9.0": 2,
    "0.17.8": 7,
    "0.17.9--canary.1140.831bc3c.0": 2,
    "0.20.2": 35,
    "0.22.4--canary.1187.30d10f964404705d383d7163b7d3f85baa2201b7.0": 3,
    "0.22.2": 16,
    "0.16.2-canary.947.1077.0": 6,
    "0.12.0": 125,
    "0.16.3": 3,
    "0.6.5-canary.eeb6481.0": 1,
    "0.16.3-canary.1082.1591.0": 3,
    "0.16.6": 3,
    "0.17.1--canary.e22c14a.0": 4,
    "0.22.1--canary.1173.30a931db5f6552c59e4c99f41fdb9e2b9ccf8291.0": 2,
    "0.17.9--canary.1140.e3ff49d.0": 2,
    "0.17.9": 29,
    "0.8.6-canary.815.502.0": 1,
    "0.10.2": 7358,
    "0.9.6-canary.858.667.0": 1,
    "0.16.3-canary.1108.1382.0": 2,
    "0.8.5-canary.800.426.0": 1,
    "0.8.3": 107,
    "0.21.4--canary.1163.d07ed6254d130e2995d24101e93427ec091016e6.0": 2,
    "0.6.2": 2,
    "0.5.3": 130,
    "0.16.12": 8,
    "0.6.5-canary.784.118.0": 1,
    "0.21.1": 4,
    "0.22.3": 28,
    "0.22.0": 278,
    "0.17.5": 5,
    "0.21.2--canary.1156.8b2cc45.0": 3,
    "0.9.4-canary.832.606.0": 1,
    "0.14.1-canary.911.993.0": 2,
    "0.16.2-canary.938.1059.0": 3,
    "0.16.8": 4,
    "0.9.3-canary.825.584.0": 1,
    "0.8.1-canary.791.466.0": 1,
    "0.16.3-canary.993.1592.0": 2,
    "0.8.1-canary.786.262.0": 2,
    "0.15.0": 1311,
    "0.22.5": 17828,
    "0.16.4": 2,
    "0.16.2-canary.934.1053.0": 1,
    "0.9.3": 7168,
    "0.17.1": 4,
    "0.21.2--canary.1156.ba9fec9d0c9109924b4a5acab31bcaef8159a610.0": 2,
    "0.9.8-canary.866.767.0": 1,
    "0.16.3-canary.1085.1581.0": 3,
    "0.8.2-canary.792.290.0": 1,
    "0.8.2-canary.794.308.0": 1,
    "0.5.0": 20,
    "0.11.1-canary.891.908.0": 1,
    "0.9.9-canary.867.792.0": 1,
    "0.5.4": 188536,
    "0.16.1": 598374,
    "0.6.8": 70922,
    "0.19.0": 5,
    "0.16.2-canary.1008.1164.0": 2,
    "0.17.4": 5,
    "0.17.3--canary.1136.7f5f5d8.0": 3,
    "0.17.0": 4,
    "0.5.1": 2,
    "0.10.0": 233,
    "0.8.6-canary.818.495.0": 1,
    "0.16.5": 3,
    "0.16.3-canary.1014.1579.0": 2,
    "0.9.4-canary.845.627.0": 1,
    "0.8.1-canary.786.217.0": 1,
    "0.9.4-canary.838.613.0": 1,
    "0.20.1": 5,
    "0.21.3": 697,
    "0.22.1": 54,
    "0.17.9--canary.1144.3455afd.0": 3,
    "0.6.5-canary.784.124.0": 1,
    "0.8.6-canary.815.488.0": 1,
    "0.16.3-canary.1109.1388.0": 2,
    "0.9.6": 1095,
    "0.9.9-canary.868.799.0": 1,
    "0.16.0": 1182,
    "0.11.0": 88,
    "0.22.9": 6,
    "0.9.3-canary.825.599.0": 1,
    "0.8.4": 5254,
    "0.10.3": 139414,
    "0.16.2": 131958,
    "0.16.2-canary.1070.1265.0": 2,
    "0.14.0": 389013,
    "0.12.1": 84507,
    "0.8.1": 66,
    "0.9.4-canary.841.620.0": 1,
    "0.9.1": 4,
    "0.10.4-canary.882.885.0": 1,
    "0.6.7": 27,
    "0.16.2-canary.1052.1235.0": 2,
    "0.16.10": 4,
    "0.16.2-canary.919.1052.0": 1,
    "0.13.0": 20859,
    "0.22.7": 43267,
    "0.16.2-canary.1080.1288.0": 1,
    "0.22.6": 241,
    "0.3.6-alpha.6": 1,
    "0.17.6--canary.1cb89cf.0": 2,
    "0.4.0": 549,
    "0.8.1-canary.786.223.0": 2,
    "0.8.2-canary.792.353.0": 1,
    "0.9.8": 94593,
    "0.18.0--canary.1135.911ed04.0": 2,
    "0.21.1--canary.1153.3cc6d7b.0": 3,
    "0.22.1--canary.1169.6db477d088d28aea43b31d9ca8b0eaf74dc511d1.0": 2,
    "0.16.3-canary.1100.1371.0": 1,
    "0.17.8--canary.1137.476d7bd.0": 3,
    "0.21.4--canary.1163.a26f5b300ee88c2fadb9909dd390cb4380b32a42.0": 3,
    "0.8.5-canary.b147e81.0": 3,
    "0.3.6-alpha.5": 1,
    "0.16.2-canary.1051.1228.0": 14,
    "0.8.1-canary.786.242.0": 1,
    "0.9.6-canary.857.681.0": 1,
    "0.8.1-canary.789.460.0": 1,
    "0.21.0": 102,
    "0.16.13": 364492,
    "0.16.2-canary.1073.1276.0": 4,
    "0.20.0": 5,
    "0.14.0-canary.904.976.0": 1,
    "0.17.7": 4,
    "0.17.0--canary.1131.af3cb94.0": 3,
    "0.21.2": 3,
    "0.16.2-canary.1093.1332.0": 1,
    "0.22.10": 148352,
    "0.8.1-canary.786.211.0": 1,
    "0.16.9": 7,
    "0.18.0--canary.1133.54bf269.0": 2,
    "0.22.8": 23302,
    "0.6.6": 2,
    "0.22.11": 11,
    "0.6.4": 16714,
    "0.21.2--canary.1156.1f8a92bfc1cbc6b5f3ad2490d0ec86710c81f635.0": 2,
    "0.8.6-canary.810.481.0": 1,
    "0.9.7-canary.854.725.0": 1
  },
  "end": "2024-03-04T04:46:05.150Z",
  "start": "2024-02-26T04:46:05.150Z"
}