{
  "package": "nodegit",
  "downloads": {
    "0.8.0": 4,
    "0.6.3": 8,
    "0.6.0": 2,
    "0.28.0-alpha.12": 13,
    "0.11.1": 4,
    "0.19.0": 7,
    "0.20.2": 3,
    "0.26.5": 13848,
    "0.16.0": 65,
    "0.0.4": 7,
    "0.25.0-alpha.16": 6,
    "0.1.2": 1,
    "0.2.5": 2,
    "0.0.102": 2,
    "0.0.76": 2,
    "0.0.72": 1,
    "0.0.7": 1,
    "0.0.103": 2,
    "0.28.0-alpha.16": 151,
    "0.25.0-alpha.13": 1,
    "0.25.1": 13349,
    "0.11.4": 5,
    "0.11.5": 3,
    "0.28.0-alpha.23": 18,
    "0.28.0-alpha.4": 1,
    "0.1.4": 6,
    "0.12.2": 7,
    "0.11.8": 5,
    "0.28.0-alpha.15": 3,
    "0.21.1": 2,
    "0.11.2": 7,
    "0.0.71": 2,
    "0.11.7": 4,
    "0.26.2": 2801,
    "0.15.1": 29,
    "0.0.73": 2,
    "0.12.1": 6,
    "0.6.2": 3,
    "0.13.2": 23,
    "0.2.4": 10,
    "0.25.0-alpha.9": 1,
    "0.28.0-alpha.24": 423,
    "0.20.1": 2,
    "0.1.0": 2,
    "0.13.0": 12,
    "0.28.0-alpha.3": 2,
    "0.22.0": 7,
    "0.28.0-alpha.13": 375,
    "0.0.74": 3,
    "0.7.0": 3,
    "0.28.0-alpha.10": 323,
    "0.3.1": 3,
    "0.0.10000005": 3,
    "0.25.0-alpha.2": 1,
    "0.28.0-alpha.11": 2904,
    "0.11.9": 20,
    "0.0.75": 1,
    "0.2.2": 4,
    "0.10.0": 4,
    "0.0.5": 7,
    "0.0.10000003": 1,
    "0.0.10000004": 3,
    "0.0.79": 2,
    "0.18.1": 2,
    "0.0.77": 1,
    "0.25.0": 16,
    "0.11.0": 4,
    "0.11.3": 2,
    "0.21.2": 6,
    "0.2.1": 3,
    "0.0.6": 7,
    "0.6.1": 3,
    "0.9.0": 6,
    "0.24.3": 1343,
    "0.26.1": 76,
    "0.26.0": 77,
    "0.24.0": 72,
    "0.0.1": 5,
    "0.23.1": 69,
    "0.21.0": 29,
    "0.28.0-alpha.14": 44,
    "0.15.0": 2,
    "0.13.1": 4,
    "0.23.0": 50,
    "0.27.0": 56920,
    "0.18.0": 1,
    "0.14.0": 1,
    "0.0.10000001": 3,
    "0.2.6": 3,
    "0.3.3": 3,
    "0.4.0": 5,
    "0.0.10000002": 1,
    "0.20.3": 123,
    "0.28.0-alpha.20": 1355,
    "0.24.1": 1476,
    "0.3.2": 2,
    "0.28.0-alpha.21": 4046,
    "0.25.0-alpha.8": 1,
    "0.0.78": 3,
    "0.17.0": 6,
    "0.4.1": 9,
    "0.26.3": 103,
    "0.24.2": 10,
    "0.14.1": 21,
    "0.22.2": 44,
    "0.28.0-alpha.17": 74,
    "0.2.7": 3,
    "0.28.0-alpha.18": 1311,
    "0.5.0": 36,
    "0.2.0": 4,
    "0.18.2": 3,
    "0.0.101": 1,
    "0.20.0": 3,
    "0.11.6": 4,
    "0.22.1": 1,
    "0.1.1": 2,
    "0.2.3": 4,
    "0.12.0": 3,
    "0.18.3": 5368,
    "0.0.3": 4,
    "0.28.0-alpha.19": 5,
    "0.25.0-alpha.10": 6,
    "0.1.3": 3,
    "0.27.0-alpha.1": 5,
    "0.28.0-alpha.9": 39,
    "0.26.4": 1480,
    "0.28.0-alpha.8": 1,
    "0.28.0-alpha.22": 17,
    "0.0.2": 5
  },
  "end": "2024-03-04T04:45:12.403Z",
  "start": "2024-02-26T04:45:12.403Z"
}